id,created_at,updated_at,name,note
1,2024-06-12 13:21:26.994 +0900,2024-06-12 13:21:29.468 +0900,0 to 1 경험,0에서 1을 만들어본 경험을 의미합니다.
2,2024-06-12 13:21:43.350 +0900,2024-06-12 13:21:43.350 +0900,1 to 10 경험,1에서 10까지 만들어 본 경험을 의미합니다.
3,2024-06-12 13:22:31.130 +0900,2024-06-12 13:22:31.130 +0900,spin-off 경험,"회사 내에서 스핀 오프를 경험한 적이 있는지, 그렇게 독립되는 회사에 소속되어 신규 피쳐로 나간것을 의미합니다."
4,2024-06-12 13:23:02.804 +0900,2024-06-12 13:23:02.804 +0900,lay-off 경험,"대규모 정리 해고, 인원 감축 감원의 시기에 버텨낸 것을 의미합니다."
5,2024-06-12 13:23:23.510 +0900,2024-06-12 13:23:23.510 +0900,상위권 회사,"해당 분야, 도메인에서의 상위권 경험이 있는 것을 의미합니다."
7,2024-06-12 15:31:53.693 +0900,2024-06-12 15:31:53.693 +0900,기술관심도높음,"기술적 관심도가 보이는 많은 외부 데이터 확인 가능 (기술 블로그, 깃허브 기타 등)"
8,2024-06-16 01:09:04.356 +0900,2024-07-31 20:48:34.375 +0900,R&D (연구개발),"석박사 논문 확인 가능 또는 R&D 센터 근무, 연구원으로 특정 기술 개발 경험을 의미합니다."
9,2024-06-16 01:12:00.341 +0900,2024-06-16 01:12:00.341 +0900,창업,"스타트업 창업 or 코파운더 경험을 의미합니다. 1인 창업 또는 소비재, 요식업 제외 합니다."
10,2024-06-16 02:11:05.111 +0900,2024-06-16 02:11:05.112 +0900,10 to 100 경험,10에서 100까지 만들어 본 경험을 의미합니다. 100은 IPO 또는 유니콘 정도라고 판단됩니다.
12,2024-06-18 16:06:12.158 +0900,2024-06-22 13:36:45.708 +0900,컨설팅펌,"컨설턴트, 유관 컨설팅펌 출신을 의미합니다."
13,2024-06-20 19:58:53.742 +0900,2024-08-02 20:13:59.015 +0900,PM/PO 경험,"PO, PM 재직 여부 (2년+) 를 의미합니다."
15,2024-06-25 10:24:56.133 +0900,2024-06-25 19:45:04.622 +0900,해외대학,해외대학 (주로 영어권) 학사 이상을 의미합니다.
16,2024-06-25 10:25:16.692 +0900,2024-06-25 19:45:26.920 +0900,CPA/ACCA/CFA,재무관련 자격증이 있다는 것을 의미합니다.
19,2024-06-25 14:33:51.363 +0900,2024-07-02 10:38:33.963 +0900,핀테크,fintech 도메인 경험을 의미합니다.
20,2024-06-26 10:50:02.983 +0900,2024-09-07 11:27:16.481 +0900,이커머스,온라인 E커머스 도메인 경험을 의미합니다.
21,2024-06-26 11:25:01.008 +0900,2024-07-02 10:38:42.339 +0900,광고,"온라인 광고, 마케팅 ad tech 등 경험을 의미합니다."
22,2024-06-26 11:44:09.914 +0900,2024-06-26 11:44:36.110 +0900,Bigquery,Google Bigquery 사용 역량 보유 여부
24,2024-07-01 16:57:40.563 +0900,2024-07-02 10:38:46.760 +0900,커뮤니티/소셜(SNS),B2C 커뮤니티 플랫폼 또는 소셜 네트워크 관련 도메인 경험을 의미합니다.
25,2024-07-01 17:15:33.409 +0900,2024-07-02 10:38:52.421 +0900,숙박/여행/레저,"숙박, 여행, 레저 관련 플랫폼 또는 관련 B2B, B2C 도메인 경험을 의미합니다."
26,2024-07-22 17:06:30.361 +0900,2024-07-22 17:20:44.433 +0900,AGV or AMR,Automated Guided Vehicle 또는 Autonomous Mobile Robot 관련 개발 경험을 의미합니다.
27,2024-07-22 17:08:05.176 +0900,2024-07-22 17:08:05.176 +0900,"ROS & C,C++",Robot Operating System 와 C & C++ 경험을 의미합니다.
28,2024-07-25 11:17:38.110 +0900,2024-07-25 11:17:38.110 +0900,full-stack,client side 와 backend side 개발 모두가 가능할 것으로 판단되는 경험을 의미합니다.
39,2024-08-19 11:08:13.464 +0900,2024-08-20 17:26:43.535 +0900,성장기 스타트업 경험,합류한 시기에 인력 or 트래픽 or 투자 라운드 1.5배 ~ 2배 정도 많이 증가한 기업
40,2024-08-19 11:08:18.635 +0900,2024-08-19 11:10:48.889 +0900,서치펌 경험,"다이렉트 소싱을 기반으로 하는 서치펌의 경험, 1년 이상이 있는 경우"
42,2024-08-19 18:26:15.013 +0900,2024-08-19 18:27:13.894 +0900,웹빌더 경험,"(퓨쳐스콜레에서 파생됨) cafe24, imweb 등과 같이 CMS & 웹을 빌딩하는 서비스 & product 개발 경험을 의미합니다."
43,2024-08-19 18:26:54.347 +0900,2024-08-19 18:27:08.431 +0900,교육 플랫폼 경험,"(퓨쳐스콜레에서 파생됨) 엘리스, class101, 패캠 등과 같이 교육 컨텐스를 다루는 서비스 & product 개발 경험을 의미합니다."
44,2024-08-20 17:27:13.282 +0900,2024-08-20 17:27:20.221 +0900,AI 석사,AI 관련 전공의 석사 졸업 경험을 의미합니다.
45,2024-08-20 17:27:33.012 +0900,2024-08-20 17:27:33.012 +0900,AI 박사,AI 관련 전공의 박사 졸업 경험을 의미합니다.
46,2024-08-20 17:27:58.188 +0900,2024-08-20 17:27:58.188 +0900,딥 러닝,AI 관련 실무 중 deep learning 과 관련된 실무 경험을 의미합니다.
47,2024-08-20 17:28:14.992 +0900,2024-08-20 17:28:14.992 +0900,AI 이미지 처리,AI 관련 실무 중 이미지 처리 와 관련된 실무 경험을 의미합니다.
53,2024-09-07 11:27:00.727 +0900,2024-09-07 11:27:00.727 +0900,"회계, 정산 경험","회계 또는 정산과 관련된 도메인, 프로젝트 경험을 의미합니다."
54,2024-09-07 11:27:51.270 +0900,2024-09-07 11:27:51.270 +0900,PG 경험,"PG(Payment Gateway)사, 결제 대행사 도메인 경험을 의미합니다."
29,2024-07-25 19:41:29.411 +0900,2024-09-20 15:32:00.236 +0900,B2B SaaS,B2B 형태로 SaaS 서비스를 경험한 것을 의미합니다.
35,2024-08-02 20:13:30.562 +0900,2024-09-20 15:32:10.636 +0900,B2B,B2B 형태로 사업/서비스를 경험한 것을 의미합니다.
57,2024-09-20 15:35:09.130 +0900,2024-09-20 15:35:09.130 +0900,B2C,B2C 형태로 사업/서비스를 경험한 것을 의미합니다.
41,2024-08-19 18:14:56.313 +0900,2024-09-20 15:40:00.629 +0900,대용량 트래픽,MSA 환경 등이 필요할 정도로 큰 트래픽 처리가 필요한 서비스 경험을 의미합니다.
58,2024-09-20 15:40:25.053 +0900,2024-09-20 15:40:25.053 +0900,콘텐츠/예술,"콘텐츠/예술 관련 도메인 경험을 의미합니다. 대표적으로 OTT, 웹툰 등이 있습니다."
32,2024-08-02 19:17:40.787 +0900,2024-09-20 16:59:25.365 +0900,js & nest.js,"개발 하드 스킬 중, js (ts) 기반의 nest.js 프레임 워크 2년 이상의 현업 경험을 의미합니다."
56,2024-09-07 11:28:39.650 +0900,2025-01-06 15:40:27.360 +0900,BE,backend-engineering 경험을 의미합니다. 순수 만 2년 이상을 의미합니다.
55,2024-09-07 11:28:29.941 +0900,2025-01-06 16:27:06.778 +0900,DE,data-engineering 경험을 의미합니다. 순수 만 2년 이상을 의미합니다.
225,2025-03-03 01:47:10.942 +0900,2025-03-03 01:47:10.942 +0900,POS,Point of sales 시스템 경험
11,2024-06-17 22:00:13.016 +0900,2025-06-17 15:24:27.492 +0900,리더십,"파트장, 팀장, 실장 등 조직내, 사내, 리더 경험을 의미합니다."
48,2024-08-27 16:29:07.717 +0900,2024-08-27 16:29:07.717 +0900,Data-driven,"사용자 기반의 정량 데이터, 또는 User Research를 통한 사용자 조사 기반의 정성 데이터를 활용한 서비스 기획/디자인 의사결정 경험을 의미합니다."
6,2024-06-12 15:30:53.737 +0900,2025-07-16 13:53:21.656 +0900,유관도메인,유관 도메인에서 3년 이상 같은 직무를 진행함을 나타냅니다.
50,2024-08-28 18:05:09.886 +0900,2025-09-24 22:30:21.750 +0900,사업기획/전략,새로운 사업 확장을 위한 기획 및 전략 수립 경험 또는 기존 사업의 고도화 기획/전략 경험
67,2024-09-26 13:37:40.563 +0900,2024-09-26 13:37:40.563 +0900,엔터테인먼트,"엔터테인먼트 관련 도메인 경험을 의미합니다. 대표적으로 게임, 기획사, 인플루언서 관련 서비스 등이 있습니다."
68,2024-09-26 22:07:45.720 +0900,2024-09-26 22:07:45.720 +0900,머신 러닝,AI 관련 실무 중 machine learning 과 관련된 실무 경험을 의미합니다.
70,2024-09-27 01:11:44.671 +0900,2024-09-27 01:11:44.671 +0900,추천 시스템,추천 알고리즘 개발 / AI & ML & DL 기반 추천 시스템 구축 경험 / 해당 추천 시스템에 실시간 API 서빙 등의 경험을 의미합니다.
107,2024-10-25 17:32:06.489 +0900,2024-10-25 17:32:06.489 +0900,일본어,외국어 중 일본어 사용능력이 비즈니스 커뮤케이션 이상이 되는 것을 의미합니다.
77,2024-10-06 01:27:10.357 +0900,2024-10-06 01:27:10.357 +0900,프로젝트 정보,컨설팅 프로젝트 정보 일부라도 있는 경우
78,2024-10-10 11:41:06.192 +0900,2024-10-10 11:41:06.192 +0900,MATLAB/SIMULINK,"모델을 설계하고 시뮬레이션을 통한 검증 솔루션, MATLAB/SIMULINK 사용 경험을 의미합니다."
79,2024-10-10 11:41:14.925 +0900,2024-10-10 11:41:14.925 +0900,임베디드,H/W에 임베디드되는 S/W 개발 경험을 의미합니다.
80,2024-10-10 11:41:23.724 +0900,2024-10-10 11:41:23.724 +0900,AUTOSAR,자동차 ECU의 개방형 표준 소프트웨어 구조를 따르는 개발 또는 설계 경험을 의미합니다.
81,2024-10-10 11:43:10.892 +0900,2024-10-10 11:43:10.892 +0900,자동차 네트워크,자동차 모듈간 또는 자동차와 이기종간의 통신을 위한 다양한 네트워크 실무 경험을 의미합니다. (CAN/LIN/ETH 등)
82,2024-10-10 11:43:27.499 +0900,2024-10-10 11:43:27.499 +0900,자율주행차 경진 대회,"자율 주행과 관련된 경진 대회 참여, 입상 경험을 의미합니다."
83,2024-10-10 14:30:28.949 +0900,2024-10-10 14:30:28.949 +0900,영어,외국어 중 영어 사용능력이 비즈니스 커뮤케이션 이상이 되는 것을 의미합니다.
84,2024-10-10 14:30:58.109 +0900,2024-10-10 14:30:58.109 +0900,관련 석사 / 박사,고객사가 원하는 맞춤 분야의 석사 또는 박사 학위가 있는 것을 의미합니다.
85,2024-10-11 17:33:04.596 +0900,2024-10-11 17:33:04.596 +0900,HIL,Hardware-in-the-Loop 실무 경험을 의미합니다.
86,2024-10-14 11:11:46.632 +0900,2024-10-14 11:11:46.632 +0900,ECU TEST,ECU(Electronic Control Unit) 을 테스트 하는 솔루션 또는 테스팅하는 실무 경험을 의미합니다.
89,2024-10-15 15:50:14.885 +0900,2024-10-15 15:50:14.885 +0900,Private Cloud,"AWS, GCP 등의 public cloud 외 사내 private cloud 구축 실무 경험을 의미합니다."
90,2024-10-15 15:50:22.584 +0900,2024-10-15 15:50:22.584 +0900,Istio,MSA 환경에서 효율적인 서비스 매시 구성을 위한 Istio 실무 경험을 의미합니다.
92,2024-10-15 15:50:36.581 +0900,2024-10-15 15:50:36.581 +0900,대규모 분산 & K8S,대규모 분산 서비스 (대규모 MSA 환경) 를 위한 K8S 실무 경험을 의미합니다.
93,2024-10-15 16:36:01.041 +0900,2024-10-15 16:36:01.041 +0900,MNC,다국적 기업 (multinational corporation)
94,2024-10-15 16:39:05.213 +0900,2024-10-15 16:39:05.213 +0900,대형SW,"대형 소프트웨어, 솔루션 판매 기업 (AWS 외)"
30,2024-07-31 20:47:06.409 +0900,2024-10-15 16:43:08.670 +0900,Java & Spring,java 와 spring 기반 BE 실무 경험을 의미합니다.
95,2024-10-16 14:43:26.499 +0900,2024-10-16 14:43:26.499 +0900,상품 카탈로그,"고객에게 구매할 수 있는 상품 목록을 제공 하거나, 판매자 및 공급업체로부터 유입되는 상품 데이터 처리 하거나, 실시간 상품 관리 및 검색을 지원하는 유관 도메인 개발 경험을 의미합니다."
96,2024-10-16 14:43:33.317 +0900,2024-10-16 14:43:33.317 +0900,주문 시스템,"주문, 결제, 배송, 정산, 쿠폰 등 이커머스과 밀접한 유관 도메인 개발 경험을 의미합니다."
97,2024-10-21 16:54:38.872 +0900,2024-10-21 16:54:38.872 +0900,헬스 케어,"헬스 케어 관련 도메인 경험을 의미합니다. 건강 관리, 의료 서비스, 웰니스, 예방 의료, 제약, 디지털 헬스케어 등을 의미합니다."
103,2024-10-24 16:59:01.565 +0900,2024-10-24 16:59:01.565 +0900,채널 관리,"meta, naver 등 광고 플랫폼을 포함한 유입 마케팅 채널을 관리한 경험을 의미합니다."
104,2024-10-24 16:59:09.597 +0900,2024-10-24 16:59:09.597 +0900,인플루언서,"Influencer 또는 외부 유명인사를 통한 대외 마케팅, PR 경험을 의미합니다."
105,2024-10-24 16:59:17.380 +0900,2024-10-24 16:59:17.380 +0900,콘텐츠 마케팅,"on & off line, digital 을 포함한 contents 기반 마케팅 경험을 의미합니다."
111,2024-10-28 11:07:07.443 +0900,2024-10-28 11:07:07.443 +0900,해외 유학/근무 경험,해외에서 유학 or 근무한 경험 보유자
113,2024-10-28 16:42:38.732 +0900,2024-10-28 16:42:38.732 +0900,스마트팜,"스마트팜 시스템, 유관 산업 도메인, Agriculture + Tech (애그테크) 경험을 의미합니다."
114,2024-10-28 16:42:49.474 +0900,2024-10-28 16:42:49.474 +0900,로보틱스,로봇과 관련된 유관 산업 도메인 에서 실제 로봇과 관련된 H/W or S/W 실무 경험을 의미합니다.
115,2024-10-28 16:43:17.313 +0900,2024-10-28 16:43:17.313 +0900,기구설계,"기계 설계, 프레임 및 로봇 매커니즘 설계에 대한 “기구” 를 직접 설계 해 본 경험을 의미합니다."
99,2024-10-23 17:09:58.075 +0900,2025-05-21 12:47:45.039 +0900,Agency,디지털 마케팅 등의 에이전시 경험 2년 이상을 의미합니다.
65,2024-09-25 21:23:40.247 +0900,2025-06-10 11:00:07.910 +0900,상위권 대학,"서울대, 한국과학기술원(KAIST), 고려대, 연세대, 포항공대(POSTECH), 성균관대, 한양대, 경희대, 서강대, 울산과학기술원(UNIST) 경험을 의미합니다."
91,2024-10-15 15:50:29.256 +0900,2025-07-09 15:30:30.977 +0900,Go or TS,Go lang 또는 Typescript 의 실무 경험 2년 이상을 의미합니다. (블록체인을 위해 만들어진 태그)
98,2024-10-23 17:08:40.626 +0900,2025-09-29 15:55:37.593 +0900,뷰티,"뷰티, 화장품과 관련된 산업 도메인 경험을 의미합니다."
116,2024-10-28 16:43:27.388 +0900,2024-10-28 16:43:27.388 +0900,3D 모델링 & 설계,"솔리드웍스, CATIA 등 설계 도구를 통해 3D 모델링을 해 본 경험을 의미합니다."
117,2024-10-30 13:22:41.599 +0900,2024-10-30 13:22:41.599 +0900,ex VPE,재직한 회사에서 vice president of engineering 직무 경험을 의미합니다.
118,2024-10-30 13:22:47.539 +0900,2024-10-30 13:22:47.539 +0900,ex CTO,재직한 회사에서 chief of technology officer 직무 경험을 의미합니다.
121,2024-11-06 15:45:29.011 +0900,2024-11-06 15:45:29.011 +0900,마그네슘 정제,마그네슘을 고순도로 정제하는 공정 설계와 정제 과정의 최적화 경험을 의미합니다.
122,2024-11-06 15:45:35.975 +0900,2024-11-06 15:45:35.975 +0900,원소 추출 경험,다양한 금속 및 원소의 추출과 분리 공정에 대한 지식과 경험을 의미합니다.
123,2024-11-06 15:45:43.615 +0900,2024-11-06 15:45:43.615 +0900,비철 금속 및 정밀 화학업종,비철 금속 및 정밀 화학업종에서의 제조 및 생산 관리 경험을 의미합니다.
124,2024-11-06 23:25:22.769 +0900,2024-11-07 12:17:04.325 +0900,일본 이커머스 운영,"QSM, Qxpress, Rakuten, Amazon Japan, Yahoo! Japan 등 일본 이커머스 플랫폼 운영/관리 경험"
133,2024-11-12 11:56:51.263 +0900,2024-11-12 11:56:51.263 +0900,js & next.js,"개발 하드 스킬 중, js (ts) 기반의 next.js 프레임 워크 2년 이상의 현업 경험을 의미합니다."
134,2024-11-12 12:00:02.529 +0900,2024-11-12 12:00:02.529 +0900,가상화폐,"블록 체인 기반의 Crypto Currency, 가상 화폐 도메인 경험을 의미합니다."
135,2024-11-12 13:33:15.200 +0900,2024-11-12 13:33:15.200 +0900,flutter,"flutter 프레임 워크를 사용하여 모바일 애플리케이션을 개발한 경험을 의미합니다. iOS &  Android 에서의 크로스플랫폼 개발, 2년 이상의 현업 경험을 의미합니다."
136,2024-11-12 17:28:55.370 +0900,2024-11-12 17:28:55.370 +0900,실시간 / 통계 / 대시보드,실시간으로 통신이 이뤄지며 빈번한 랜더링을 요구하는 pro
128,2024-11-10 21:32:52.550 +0900,2024-11-15 09:27:01.372 +0900,CS/CX/CSM,"CS, CX, 고객성공매니저 등 유관 직무"
147,2024-11-25 13:47:08.946 +0900,2024-11-25 13:47:08.948 +0900,크롤링 or 스크래핑,"외부 데이터를 수집하기 위한 스크래핑, 데이터 수집 프로세스 & 파이프라인 구축 경험을 의미합니다. 더 고차원 적인 프로세스, 크롤링 경험도 넓은 의미에서 포함합니다."
148,2024-11-25 17:07:56.261 +0900,2024-11-25 17:07:56.261 +0900,고속성장경험,빠르게 매출이 성장한 경험 (최소 2배)
153,2024-11-26 14:12:48.376 +0900,2024-11-26 14:12:48.376 +0900,VC 네트워크,VC 출신 혹은 창업가 출신으로 네트워크
163,2024-12-16 17:20:52.609 +0900,2024-12-16 17:20:52.609 +0900,지역 유관,"한국 국내 특정 지역중 학위, 혹은 재직 경험"
164,2024-12-16 17:23:28.650 +0900,2024-12-16 17:23:28.650 +0900,비즈니스 경험,(비즈니스 비 유관 직무자의 경험 태그)
167,2025-01-06 16:27:33.678 +0900,2025-01-06 16:27:33.678 +0900,대규모 데이터 처리 경험,"Apache Spark, Hadoop, PySpark 와 같은 도구를 활용해 병렬/분산 환경에서 데이터를 다룬 경험, Airflow 등과 같은 워크플로우 관리 도구를 기반으로 데이터 수집, 정제, 변환, 저장의 ETL 프로세스, 파이프라이닝 경험을 의미합니다."
168,2025-01-06 16:28:31.691 +0900,2025-01-06 16:28:31.691 +0900,유사 ML 서비스,"(from 부릉 AI/ML) 추천 시스템을 위한 ML, 실시간 최적화를 위한 ML, 강화학습 기반으로 고도화된 의사결정을 만드는 ML, 셋 중 하나의 실무 경험을 의미합니다."
119,2024-10-30 13:23:08.189 +0900,2025-01-13 16:07:00.689 +0900,20인 이상 조직,합류/근무 시기에 20인 이상 되는 자체 팀 리딩한 경험을 의미합니다.
170,2025-01-15 14:37:56.667 +0900,2025-01-15 14:37:56.667 +0900,BM/PM,실물 관련 브랜드 매니저 혹은 프로덕트 매니저
172,2025-01-15 15:04:50.686 +0900,2025-01-15 15:04:50.686 +0900,대규모 B2B 서비스,B2B 서비스를 기반으로 소수의 고객사 대상 대규모 서비스 보다 대규모의 기업 고객을 위한 서비스 경험을 의미합니다. (mofl로 추가됨)
173,2025-01-15 15:05:06.611 +0900,2025-01-15 15:05:06.611 +0900,RPA,"업무의 자동화를 위한 서비스, 반복적이고 규칙 기반의 업무를 자동화한 경험을 의미합니다. (UiPath를 사용하여 ERP 시스템의 데이터 입력 및 청구서 처리 프로세스를 자동화 등)"
176,2025-01-15 17:49:31.903 +0900,2025-01-15 17:56:20.734 +0900,비주얼 브랜딩,브랜드의 마케팅 파트 중 비주얼 브랜딩 업무를 중심으로 진행해본 경험을 의미합니다.
131,2024-11-10 23:49:35.162 +0900,2025-03-11 23:35:49.345 +0900,AI/ML,"AI 중 ML(Machine Learning) 과 관련된 데이터 패턴, 라벨링, 스키마 분석, 학습과 추론 모델, 강화 학습 프로젝트 경험을 의미합니다."
178,2025-01-15 17:54:11.320 +0900,2025-01-15 17:54:11.320 +0900,화보/광고 총괄 디렉팅,"화보/광고 기획, 촬영, 편집의 모든 과정에 중심 커뮤니케이터이자 총괄자로 참여한 경험을 의미합니다."
175,2025-01-15 17:48:06.406 +0900,2025-01-15 18:05:17.601 +0900,브랜드 SNS 콘텐츠,"특정 인스타그램, 제품 사이트의 상세페이지 등 브랜드의 SNS 콘텐츠 기획, 촬영, 편집 등의 과정에 주도적으로 참여해 본 경험을 의미합니다."
180,2025-01-21 16:17:25.145 +0900,2025-01-21 16:17:25.145 +0900,데이터 분석 역량,"GA4, Amplutude와 같은 분석 툴 활용 경험이나 SQL 활용 역량 보유, 혹은 수집된 데이터 수치를 통해 광고/마케팅 전략을 개선하고 기획해 본 경험을 의미합니다."
181,2025-01-21 16:17:57.424 +0900,2025-01-21 16:17:57.424 +0900,유저 획득(UA) 경험,"UA(User Auqisition), 잠재 유저에게 상품 및 서비스를 적극적으로 홍보하기 위해 해당 유저들의 DB 수집 목적으로 전략 기획 및 실행 경험을 의미합니다."
182,2025-01-21 16:18:18.280 +0900,2025-01-21 16:18:18.280 +0900,브랜드 커뮤니케이션 전략 경험,"통합 매체(매스미디어, 소셜미디어)를 대상으로 다양한 채널이나 브랜드 캠페인 등에서 소구되는 브랜드 커뮤니케이션 전략 및 IMC 전략을 기획하고 운영해 본 경험을 의미합니다."
186,2025-01-23 14:05:12.687 +0900,2025-01-23 14:05:12.687 +0900,인하우스 + 외주 경험,인하우스와 외주 경험의 조합 각각 경험
189,2025-01-31 13:50:04.396 +0900,2025-01-31 13:50:04.396 +0900,외부몰,"네이버 스마트스토어, 카카오 선물하기, 쿠팡 등 외부 오픈몰 운영 경험"
191,2025-02-03 12:36:54.188 +0900,2025-02-03 12:37:34.955 +0900,블록체인 및 유사 도메인,"블록체인 및 유사 키워드 도메인(Wep3, 메타버스, 핀테크, 가상화폐, nft, 디지털, RWA, STO 등) 스타트업 경험을 의미합니다."
192,2025-02-03 12:39:28.374 +0900,2025-02-03 12:39:28.374 +0900,다이렉트 소싱,"다이렉트 소싱, 아웃바운드, 인재 스카우트에 해당하는 업무 경험을 의미합니다."
208,2025-02-17 20:22:38.866 +0900,2025-02-17 20:22:38.866 +0900,광고 크리에이티브 기획,"다양한 광고 소재에 대한 Creative 기획 역량을 보유했거나, 경험이 있는 프로필을 의미합니다."
194,2025-02-03 12:42:01.644 +0900,2025-02-03 12:42:01.644 +0900,경영지원,경영지원(ga/hr/인사총무) 업무 경험을 의미합니다.
193,2025-02-03 12:40:26.495 +0900,2025-02-03 12:44:13.540 +0900,20-50명 조직 hr,(수호아이오) hr로서 합류/근무한 시기에 20-50인 규모인 조직에서 몸을 담았던 경험을 의미합니다.
195,2025-02-06 11:57:40.106 +0900,2025-02-06 11:57:40.106 +0900,포트폴리오 fit,(데이지크) 데이지크 브랜드 이미지 및 촬영 무드 fit이 후보자의 포트폴리오 내 촬영 작업물 fit과 유사한 경우를 의미합니다.
209,2025-02-18 16:26:48.954 +0900,2025-02-18 16:26:48.954 +0900,CRM,CRM 마케터 경력이 3년 이상인 프로필을 의미합니다.
196,2025-02-06 12:05:57.041 +0900,2025-02-06 12:07:30.319 +0900,비주얼 화보 경험,"브랜드 상품이나 모델을 대상으로 한 비주얼 중심 사진/영상 콘텐츠를 포토그래퍼로서 직접 촬영했거나, 비주얼 디렉터로서 기획 총괄하며 현장 상황을 판단하고 리드하여 작업해 본 경험을 의미합니다."
177,2025-01-15 17:52:11.385 +0900,2025-02-06 12:07:59.392 +0900,충분한 현장 경험,"(데이지크) 상업적 사진/영상 콘텐츠 촬영 현장에서 스케줄 관리, 예산 관리, 소품 제작 및 마련, 현장 세팅 등의 업무에 스태프로서 참여해본 경험이 있어, 화보 기획~제작 전반의 과정에 총괄자로서 참여할 수 있을 정도로의 역량 경험을 의미합니다."
197,2025-02-12 14:01:49.924 +0900,2025-02-12 14:01:49.924 +0900,앱테크,"캐시노트, 캐시슬라이드 등 앱테크 회사 경험"
199,2025-02-14 23:16:28.595 +0900,2025-02-14 23:16:28.595 +0900,MLOps,"머신 러닝 팀, AI 팀을 위해 Ops 기능을 경험한 것을 의미합니다."
200,2025-02-14 23:16:58.550 +0900,2025-02-14 23:16:58.550 +0900,PipeLine,"데이터 분석, 학습 등을 위해 데이터 파이프라이닝 구축을 한 경험이 있는 것을 의미합니다."
201,2025-02-14 23:17:07.978 +0900,2025-02-14 23:17:07.978 +0900,DW/DM,"데이터 웨어하우스 구축 또는 관리, 데이터 마트 구축 또는 관리를 한 경험을 의미합니다."
205,2025-02-17 20:22:06.151 +0900,2025-02-17 20:22:06.151 +0900,교육 도메인,교육과 관련된 모든 에듀테크 도메인에서의 경험을 의미합니다.
206,2025-02-17 20:22:17.636 +0900,2025-02-17 20:22:17.636 +0900,초기/신규 서비스 경험,신규 서비스 혹은 초기 단계에서의 서비스나 사업 마케팅 업무를 수행해 본 경험을 의미합니다.
207,2025-02-17 20:22:27.251 +0900,2025-02-17 20:22:27.251 +0900,폭넓은 마케팅 경험,"(뤼이드에서 파생됨) 퍼포먼스 마케팅 외, 브랜드 마케팅을 위한 그로스, 콘텐츠, CRM, 브랜드, 디지털 마케팅 등 다양한 마케팅 업무 수행 경험이 있는 프로필을 의미합니다."
210,2025-02-18 16:26:58.638 +0900,2025-02-18 16:26:58.638 +0900,Braze,CRM 솔루션 툴 Braze 사용 경험을 의미합니다.
211,2025-02-18 16:27:06.585 +0900,2025-02-18 16:27:06.585 +0900,Data Literacy,"데이터를 읽고 해석하여 업무에 잘 활용할 수 있는 능력 혹은, 구조적으로 사고하는 능력을 의미합니다."
213,2025-02-18 16:27:20.699 +0900,2025-02-18 16:27:20.699 +0900,DA,"DA 백그라운드가 있거나, 현재 DA로 재직 중인 프로필을 의미합니다."
219,2025-02-26 19:05:11.072 +0900,2025-02-26 19:05:11.072 +0900,챗봇,"chatbot(챗봇) 형태의 서비스, product 경험을 의미합니다."
220,2025-02-26 19:05:26.117 +0900,2025-02-26 19:05:26.117 +0900,납품/패키징,"SI 쪽 전용 태그, 기존 솔루션을 고객사에게 맞춰 커스터마이징을 하거나, 이를 위한 패키징 경험 또는 납품을 위해 고객사와 소통하고 해당 프로젝트를 리딩한 경험을 의미합니다."
224,2025-03-03 01:46:15.502 +0900,2025-03-03 01:46:15.502 +0900,WPF,Windows Presentation Foundation
183,2025-01-21 16:20:13.890 +0900,2025-05-11 18:30:45.912 +0900,인하우스,기업 및 브랜드의 인하우스 담당자로서 업무를 수행한 경험을 의미합니다.
212,2025-02-18 16:27:13.629 +0900,2025-07-16 14:40:25.773 +0900,2030여성타겟,"2030 여성 유저를 집중적으로 타겟하거나, 유저에서의 비중이 높은 서비스에서의 업무 경험을 의미합니다."
214,2025-02-18 16:27:29.777 +0900,2025-07-31 22:12:54.297 +0900,퍼포먼스마케터,순수 퍼포먼스마케터 백그라운드가 있는 프로필을 의미합니다.
221,2025-02-28 15:32:13.723 +0900,2025-09-09 17:57:56.187 +0900,BD,사업개발(Business Development)
228,2025-03-03 18:08:14.980 +0900,2025-03-03 18:08:14.980 +0900,"배차,물류 / 배송망 / 주문,결제",실시간 배차 및 물류 시스템 개발 경험 또는 배송망 최적화 및 재고 관리 시스템 개발 경험 또는 주문 및 결제 시스템 구축 경험 경험과 같이 유사한 프로젝트 실무 경험을 의미합니다.
229,2025-03-04 17:12:01.187 +0900,2025-03-04 17:12:01.187 +0900,서버 리팩토링,레거시 시스템을 리팩토링한 경험을 의미합니다.
230,2025-03-04 17:12:21.404 +0900,2025-03-04 17:12:21.404 +0900,DB 마이그레이션,데이터베이스 마이그레이션 경험을 의미합니다.
179,2025-01-21 16:17:13.710 +0900,2025-03-06 11:42:13.225 +0900,광고 매체,"Google, Meta, Naver, Kakao 등 주요 디지털 매체에서의 채널 및 광고 집행을 직접 운영해 본 경험을 의미합니다."
231,2025-03-06 12:00:27.980 +0900,2025-03-06 12:00:27.980 +0900,앱 마케터,모바일 앱 서비스에서의 마케팅 경험을 의미합니다.
234,2025-03-06 12:05:10.288 +0900,2025-03-06 12:05:44.378 +0900,OKR,OKR 플랜을 직접 수립하고 진행하여 성과를 분석하고 최적화한 경험을 의미합니다.
33,2024-08-02 19:17:57.674 +0900,2025-03-06 18:28:10.553 +0900,React,react 라이브러리 또는 next 프레임워크 실무 2년 이상 경험을 의미합니다.
235,2025-03-06 18:28:41.903 +0900,2025-03-06 18:28:41.903 +0900,Vue,vue 프레임워크 실무 2년 이상 경험을 의미합니다.
232,2025-03-06 12:00:43.502 +0900,2025-03-08 01:24:46.628 +0900,MMP,"Appsflyer, Airbridge, branch, adjust와 같이 MMP 트래킹 툴 사용 역량을 의미합니다."
237,2025-03-10 18:13:34.931 +0900,2025-03-11 23:31:36.911 +0900,Vision/OCR,"비전 또는 OCR 관련 데이터, 모델, 리서쳐 경험을 의미합니다."
74,2024-10-06 01:15:52.575 +0900,2025-03-11 23:33:00.941 +0900,스타트업 이해도,"스타트업 경험이 2년 이상 있거나, 창업, 코파운더 경험을 기반으로 스타트업에 대한 이해도가 있는 것을 의미합니다."
236,2025-03-10 18:02:14.139 +0900,2025-03-11 23:34:36.058 +0900,LLM,"Large Language Model model 을 활용해 상용 서비스를 운영하거나, Base model 을 가지고 fine-tuning 또는 RAG 를 구축하는 실무 및 프로젝트 경험을 의미합니다."
240,2025-03-13 16:21:44.593 +0900,2025-03-13 16:21:44.593 +0900,BDD,Behavior Driven Development
244,2025-03-13 16:23:49.597 +0900,2025-03-13 16:23:49.597 +0900,세무/회계,(혜움) 유관도메인 중에서 메수 혹은 회계 경험
251,2025-03-19 20:01:07.274 +0900,2025-03-19 20:01:07.275 +0900,CoS,Cheif of staff / Ceo staff
255,2025-03-21 23:21:44.451 +0900,2025-03-21 23:21:44.451 +0900,CQRS,Command Query Responsibility Segregation 에 대한 이해
256,2025-03-22 10:55:27.081 +0900,2025-03-22 10:55:27.081 +0900,알림,"알림 도메인 관련 - 푸시, SMS, 이메일 채널의 개인화 알림 시스템 설계 및 운영 경험을 의미합니다."
257,2025-03-22 10:55:48.031 +0900,2025-03-22 10:55:48.031 +0900,포인트/쿠폰,포인트와 쿠폰 관련 도메인 - 포인트 사용과 적립 규칙을 지원하는 포인트와 쿠폰 시스템 설계 및 운영을 의미합니다.
258,2025-03-22 10:56:00.961 +0900,2025-03-22 10:56:00.961 +0900,정산,"정산 관련 도메인 - 거래 내역(매출, 비용, 수수료, 환불 등)을 집계, 계산, 처리를 위한 시스템 설계 및 운영을 의미합니다."
259,2025-03-22 10:56:25.414 +0900,2025-03-22 10:56:25.414 +0900,회원,회원 관련 도메인 - 다양한 사용자 계정 관리 및 데이터 설계 및 운영을 의미합니다.
260,2025-03-22 10:56:44.848 +0900,2025-03-22 10:56:44.848 +0900,인증,"인증 관련 도메인 - OAuth, JWT 기반 인증 및 정보 보호 설계 및 운영을 의미합니다."
261,2025-03-22 10:57:18.313 +0900,2025-03-22 10:57:18.313 +0900,API Gateway,"인프라, 네트워크 레이어의 게이트웨이 관련 도메인 - 내외부 마이크로서비스들을 위한 API Gateway 와 Service Mesh 고도하 경험을 의미합니다."
262,2025-03-25 18:49:05.783 +0900,2025-03-25 18:49:05.783 +0900,DDD/TDD,도메인 드리븐 개발 / 테스트 드리븐 개발
263,2025-04-02 10:44:38.110 +0900,2025-04-02 10:44:38.110 +0900,sales,은행/증권사/금융기관 등을 대상으로 영업을 진행해 본 적 있는 경험을 의미합니다.
264,2025-04-02 10:44:53.505 +0900,2025-04-02 10:44:53.505 +0900,펀드마케팅,"법인, 기관, 리테일(은행, 증권사 등) 등 금융업 관련 대상으로 인하우스 펀드 마케팅 업무를 진행해본 경험을 의미합니다."
265,2025-04-02 10:46:01.632 +0900,2025-04-02 10:46:01.632 +0900,보고서/제안서,"펀드, 금융상품과 관련하여 클라이언트 및 기업 내부 보고를 위한 보고서 혹은 상품 제안서를 제작해본 경험이 있는 프로필을 의미합니다."
266,2025-04-02 10:46:11.076 +0900,2025-04-02 10:46:11.076 +0900,헤지펀드,헤지펀드 도메인이나 업무 경험이 있는 프로필을 의미합니다.
267,2025-04-02 10:46:46.934 +0900,2025-04-02 10:46:46.934 +0900,주식/채권,주식과 채권을 위주로 업무 경험이 있는 프로필을 의미합니다.
271,2025-04-09 16:52:24.293 +0900,2025-04-09 16:52:24.293 +0900,온라인 채널,"쿠팡, 네이버 스마트스토어 등 온라인 판매 채널 운영 및 관리 경험이 있는 프로필을 의미합니다."
272,2025-04-09 16:52:38.463 +0900,2025-04-09 16:52:38.463 +0900,브랜드 MD,"소셜커머스 플랫폼에서 상품 소싱 및 바잉 역할의 MD가 아닌, 자사 브랜드 상품 판매 역할의 인하우스 브랜드 MD 경험이 있는 프로필을 의미합니다."
273,2025-04-09 16:52:46.715 +0900,2025-04-09 16:52:46.715 +0900,FMCG,"식품, 음료, 화장품, 스킨케어 및 헤어와 바디케어, 생활용품 등 소비재 상품을 다룬 경험을 의미합니다."
275,2025-04-09 16:53:24.684 +0900,2025-04-09 16:53:24.684 +0900,외부몰 운영,"외부몰 협업 및 기획전 세팅, 프로모션 세팅, 채널 별 재고 관리, 출고 트래킹, 시안 기획, CX 소통 등 운영 전반에 대한 업무 경험이 있는 프로필"
282,2025-04-18 16:41:05.499 +0900,2025-04-18 16:41:05.499 +0900,언리얼,언리얼 기반으로 게임 개발 실무 경험이 있음을 의미합니다.
283,2025-04-18 16:41:25.673 +0900,2025-04-18 16:41:25.673 +0900,게임 UI/UX,게임 내 유저 인터페이스와 사용자 경험 전반을 직접 구현한 경험을 의미합니다.
284,2025-04-18 16:41:37.409 +0900,2025-04-18 16:41:37.409 +0900,멀티플레이,"실시간 멀티플레이 게임 구조를 이해하고, 관련 시스템을 구현하거나 유지한 경험을 의미합니다."
285,2025-04-18 16:42:01.599 +0900,2025-04-18 16:42:01.599 +0900,Dedicated Server,언리얼 환경에서 전용 서버 기반의 네트워크 구조를 설계 및 개발한 경험을 의미합니다.
286,2025-04-18 16:42:46.713 +0900,2025-04-18 16:42:46.713 +0900,AOS/MOBA,"AOS, MOBA 장르의 구조적 이해를 바탕으로 유닛 컨트롤, 맵 구조, 오브젝트 처리 등 관련 시스템을 개발한 경험을 의미합니다."
317,2025-06-10 19:00:28.232 +0900,2025-06-10 19:00:28.232 +0900,외국어,"영어, 일본어 등 한국어를 제외한 외국어 커뮤니케이션 능력 보유"
293,2025-04-30 13:26:59.506 +0900,2025-04-30 16:40:26.999 +0900,도메인,(엔틀러 태그 전용) 특정 산업군에서 5년 이상 재직했거나 변호사 or 세무사와 같은 라이센스 보유자 혹은 특정 세부 분야의 박사 학위 보유자를 의미합니다.
294,2025-05-11 18:41:41.599 +0900,2025-05-11 18:41:41.599 +0900,뷰티/FMCG,뷰티 위주 혹은 FMCG 내 타 도메인의 산업 경험을 의미합니다.
298,2025-05-12 10:45:44.282 +0900,2025-05-12 10:45:44.282 +0900,소부장 전공,"소재공학, 기계공학, 전기/전자 공학, 화학 공학, 나노반도체 공학"
299,2025-05-12 10:46:52.387 +0900,2025-05-12 10:46:52.387 +0900,소부장 투자,"반도체, 배터리, 소재, 로봇, 정밀장비, 등"
239,2025-03-13 16:19:36.197 +0900,2025-05-12 14:58:16.113 +0900,Python,"python 을 활용한 2년 이상의 실무 경험을 의미합니다. AI, 데이터 처리 및 분석, Backend 를 포함한 실무를 의미합니다."
302,2025-05-12 15:00:57.714 +0900,2025-05-12 15:00:57.714 +0900,프롬프트엔지니어링,"LLM의 응답 품질을 극대화하기 위한 목적 중심의 프롬프트 설계 및 최적화 경험을 의미합니다. Zero-shot, Few-shot, Chain-of-Thought, Tool-Calling 등 다양한 방식의 프롬프트 구조 설계 및 A/B 테스트, 반복 개선을 통해 실제 서비스 품질을 높인 경험을 포함합니다."
303,2025-05-12 15:01:09.012 +0900,2025-05-12 15:01:09.012 +0900,캐릭터 챗봇,"고유한 세계관과 페르소나를 가진 캐릭터형 챗봇을 기획·설계하거나, 실제 서비스에 적용해 상호작용 UX를 설계한 실무 경험을 의미합니다. 캐릭터 보이스/톤앤매너 정립, 대화 시나리오 설계, 사용자 반응 기반 개선을 포함합니다."
304,2025-05-12 15:01:15.000 +0900,2025-05-12 15:01:15.000 +0900,멀티모달,"텍스트, 이미지, 음성, 비디오 등 복수 형태의 입력 데이터를 통합 분석하거나 생성하는 멀티모달 AI 기술을 활용한 프로젝트 및 실무 경험을 의미합니다. 예시로는 CLIP, Flamingo, GPT-4o, LLaVA 등 기반 모델의 활용 경험, 또는 멀티모달 검색, 생성, 인터랙션 설계 등이 포함됩니다."
307,2025-05-12 18:03:32.351 +0900,2025-05-12 18:03:32.351 +0900,스트리밍,"실시간으로 제공되는 서비스의 화면, client-side 개발 경험을 의미합니다. 웹소켓 기반, 스트리밍서비스, 다중 사용자 실시간 편집 기능과 같은 개발 경험을 의미합니다."
308,2025-05-12 18:03:40.783 +0900,2025-05-12 18:03:40.783 +0900,멀티플랫폼,"PC 웹 뿐 아니라 모바일 웹 반응형 개발 경험 또는 web 플랫폼 뿐 아니라 하이브리드, 네이티브 client-side 개발 경험을 의미합니다."
309,2025-05-16 16:45:46.811 +0900,2025-05-16 16:45:46.811 +0900,윈도우응용프로그램,"윈도우 기반에서 실행되는 응용프로그램을 직접 개발하고 배포한 실무 경험을 의미합니다. 외부 장비 연동, 영상 처리, UI 구성 등 다양한 기능을 포함한 통합 소프트웨어 개발 경험을 포함합니다."
310,2025-05-16 16:45:56.100 +0900,2025-05-16 16:45:56.100 +0900,QT or GUI,"QT 프레임워크 또는 기타 GUI 툴킷(MFC, WinForm 등)을 활용해 사용자 인터페이스를 설계하고 구현한 경험을 의미합니다. 특히 실시간 데이터 표시, 사용자 입력 처리, 이벤트 기반 UI 구성 등 복잡한 인터페이스 설계 경험을 포함합니다."
312,2025-05-16 16:46:20.967 +0900,2025-05-16 16:46:20.967 +0900,비디오 카드 SDK,"DirectX, OpenGL 등 그래픽 하드웨어 API를 활용하여 영상 렌더링, 3D 모델 처리, GPU 가속 기능을 구현한 실무 경험을 의미합니다. 비디오 카드 SDK를 통해 고성능 영상 출력, 다중 디스플레이 제어, 실시간 프레임 최적화 등을 수행한 경험을 포함합니다."
311,2025-05-16 16:46:11.003 +0900,2025-05-16 16:46:42.699 +0900,3D 영상처리,"카메라, 센서, 영상 데이터를 기반으로 3차원 공간 내 객체를 시각화하거나 위치·움직임을 추적하는 영상 처리 경험을 의미합니다."
313,2025-05-21 12:34:33.156 +0900,2025-05-21 12:34:43.291 +0900,sales/mkt,세일즈 혹은 마케팅을 서비스 도메인으로 하는 회사에서 데이터 직무로서 일해본 경험
315,2025-05-21 12:44:29.825 +0900,2025-05-21 12:44:29.825 +0900,Data Ops,"데이터 QA, 주석가,라벨러, 오퍼레이터, 어시스턴트, 매니저와 같이 데이터 서포트 및 운영 업무 중심의 직무 경험을 의미합니다."
314,2025-05-21 12:39:10.942 +0900,2025-05-21 12:46:26.392 +0900,Core Data,"data analyst, data scientist, data engineer 경험을 의미합니다."
316,2025-06-10 18:59:46.771 +0900,2025-06-10 18:59:46.771 +0900,글로벌,"글로벌 시장을 대상으로 하는 회사와 사업부, 혹은 외국계 회사나 외국에서의 근무 경험"
318,2025-06-10 19:03:56.267 +0900,2025-06-10 19:03:56.267 +0900,제조,"비즈니스 구조에서 유형의 제품을 제조, 생산하는 과정이 포함된 산업에서의"
319,2025-06-10 19:05:13.523 +0900,2025-06-10 19:05:13.523 +0900,50인 이상,50인 이상 규모의 회사에서 근무해본 경험을 의미합니다.
320,2025-06-17 15:28:23.232 +0900,2025-06-17 15:28:23.232 +0900,기술블로그,개발 인사이트나 문제 해결 과정을 정리해 외부에 공유한 경험. 또는 꾸준한 기술 글 작성을 통해 지식 공유를 실천한 활동을 의미합니다.
290,2025-04-30 13:20:45.476 +0900,2025-07-10 10:39:24.260 +0900,테크리더,"극 초기 스타트업의 CTO 경험을 포함해 조직내, 사내, ""테크니컬 리딩"" 을 하는 리더십 경험을 의미합니다."
31,2024-07-31 20:47:24.059 +0900,2025-09-09 16:13:33.704 +0900,초기 스타트업 경험,Series A 이전 또는 팀원 10명 이하 규모의 초기 스타트업에서의 근무 경험을 의미합니다.
144,2024-11-19 13:46:01.824 +0900,2025-06-23 17:18:13.191 +0900,대규모 유저 플랫폼,다양한 유저 사이드와 복잡한 유저 계층 설계가 있거나 최적화가 중요하며 많은 양의 트래픽을 버티는 화면 설계 경험을 의미합니다.
324,2025-06-23 18:09:08.475 +0900,2025-06-23 18:09:08.475 +0900,10-20인 리딩,"10명 ~ 20명 정도의 팀, 부서, 조직, 스쿼드를 리딩한 경험을 의미합니다."
325,2025-07-07 18:35:44.588 +0900,2025-07-07 18:35:44.588 +0900,이동통신,"MNO, MVNO 등 이동통신사 관련 경험"
327,2025-07-07 19:52:06.602 +0900,2025-07-07 19:52:06.602 +0900,Kotlin & Spring,Kotlin(java based) 와 ko-spring (kopring) 기반 BE 실무 경험을 의미합니다.
66,2024-09-26 13:36:32.476 +0900,2025-07-08 12:13:31.439 +0900,DevOps,"CI/CD 자동화, 플랫폼 엔지니어와 같은 DevOps 실무 경험 2년 이상을 의미합니다. Infra, IaC, AWS managing, EKS, k8s 등의 하드스킬 실무 경험을 의미합니다."
328,2025-07-08 12:14:49.788 +0900,2025-07-08 12:14:49.788 +0900,Observability Ops,"DevOps 중 일환으로, 시스템의 상태를 실시간으로 파악하고 문제를 빠르게 탐지·대응하기 위한 운영 체계, Observability 와 관련된 서비스, 프로젝트 경험을 의미합니다."
216,2025-02-20 18:40:16.533 +0900,2025-07-08 17:12:56.668 +0900,빅테크,"네이버, 쿠팡, 토스, 라인, 배달의민족(우아한형제들), 당근, 샌드버드, AWS, 구글, 메타 등과 같은 국내외 빅테크 경험을 의미합니다."
330,2025-07-09 15:31:03.286 +0900,2025-07-09 15:31:03.286 +0900,금융 규제,"KISA의 ISMS, 특금법, 전자금융감독규정, ISO/IEC 27001 등과 같은 규제를 위한 개발, 규제에 대한 대응이 있는 경험을 의미합니다."
331,2025-07-10 10:42:16.198 +0900,2025-07-10 10:42:16.198 +0900,Java,Java 를 기본으로 하는 jvm 런타임 실무 경험이 2년 이상 있는 것을 의미합니다.
23,2024-06-26 11:53:38.953 +0900,2025-07-10 10:45:19.551 +0900,물류/유통,"물류와 유통과 유관된 도메인 경험을 의미합니다. 또는 OMS, WMS, TMS, SCM, FTS, CRM, Fulfillment 등 물류 또는 유통과 관련된 서비스 개발 경험을 의미합니다."
332,2025-07-11 17:03:17.429 +0900,2025-07-11 17:03:17.429 +0900,결제/예약,커머스서비스류의 결제/예약 서비스 구현 경험
333,2025-07-14 11:45:00.340 +0900,2025-07-14 11:51:29.073 +0900,IPP,Independent Power Producer
339,2025-07-15 11:17:07.551 +0900,2025-07-15 11:17:38.725 +0900,복잡한 도메인 경험,"결제, 정산, 멤버십, 수수료, 세금 등 상태 전이와 정책 분기, 금액 정합성이 중요한 도메인에서의 개발 경험을 의미합니다. 단순 CRUD가 아닌, 상태 흐름/예외 처리/정합성 유지/대사(batch reconciliation)/Rule 기반 정책 처리 등을 포함한 시스템 설계와 개선 경험을 기준으로 합니다. / 예: 이벤트 기반 정산 시스템, 상태 전이 등"
338,2025-07-15 11:16:57.434 +0900,2025-07-15 16:02:04.564 +0900,성능 개선 경험,"(BE) 서비스의 응답 속도, 트랜잭션 처리 속도, 배치 처리 시간 등을 실질적으로 개선한 경험을 의미합니다. 단순 개선 제안이 아니라, 병목 구간 식별 → 개선 방향 도출 → 수치 기반의 Before/After 성과까지 도출한 경험을 포함합니다. / 예: API 응답 속도 300ms → 100ms 단축, 배치 처리 시간 6시간 → 50분 단축 등"
346,2025-07-16 14:38:12.545 +0900,2025-07-16 14:38:12.545 +0900,웹/앱,웹과 모바일 앱 서비스 모두 운영 중인 회사에 재직한 경험이 있는 경우
350,2025-07-16 22:12:04.822 +0900,2025-07-16 22:12:04.822 +0900,QAE,QA 엔지니어 또는 SDET/SET 경력이 3년 이상인 경우를 의미합니다.
348,2025-07-16 22:11:26.811 +0900,2025-07-16 22:17:05.346 +0900,테스팅 자격증,"ISTQB, CSTS 등 소프트웨어 테스팅 관련 자격증을 보유한 경우를 의미합니다."
347,2025-07-16 22:11:15.411 +0900,2025-07-16 22:17:21.683 +0900,SWE,Backend Frontend 등 웹을 포함한 software 의 개발 실무 경우를 의미합니다.
349,2025-07-16 22:11:35.132 +0900,2025-07-16 22:17:34.156 +0900,API TEST,"Postman, Jmeter, Karate 등을 이용한 API 테스트 자동화 및 테스트 실행을 경험한 경우를 의미합니다."
326,2025-07-07 18:36:04.616 +0900,2025-07-21 10:59:43.668 +0900,금융&핀테크,금융권 또는 핀테크 관련 도메인에서 경험을 의미합니다.
357,2025-07-22 14:18:54.674 +0900,2025-07-22 14:18:54.674 +0900,복잡한 사용자,"하나의 서비스에서 다양한 고객 사이드 (고객향, 판매자향, 2side 플래폼 화면 개발, 멀티 테넌시 등) 에 대한 화면 개발 경험을 의미합니다."
353,2025-07-19 14:43:16.359 +0900,2025-07-23 15:56:37.981 +0900,VLLM,"Visual Language Large Model, Vision-Language 모델을 실무에 적용한 경험이 있는 경우. 이미지 캡셔닝, 비주얼 질의응답, 문서 이해 등의 태스크에서 VLLM을 활용하여 솔루션을 개발한 경험. 특히 문서 분석 및 구조화된 정보 추출에 VLLM을 적용한 경험이 있는 경우"
354,2025-07-19 14:45:39.081 +0900,2025-07-23 15:57:23.143 +0900,비정형 데이터 AI처리,"구조화되지 않은 데이터(텍스트, 이미지, 문서 등)를 AI 모델로 처리하고 구조화된 정보로 변환한 경험이 있는 경우. 데이터 전처리, 특징 추출, 모델 학습을 통해 비정형 데이터에서 의미있는 정보를 추출하고 활용한 실무 프로젝트 경험"
359,2025-07-23 16:39:43.529 +0900,2025-07-23 16:39:43.529 +0900,라벨링 플랫폼,"Label Studio, CVAT 등 오픈소스 라벨링 툴의 커스터마이징 및 운영 경험, AutoLabeling 기능 개발, 라벨링 작업 품질/단가/납기 관리 경험을 의미합니다."
361,2025-07-25 11:07:43.277 +0900,2025-07-25 11:07:43.277 +0900,유럽오프라인시장,"유럽의 오프라인 유통 시장을 개척해봤거나, 세팅했거나, 관리하여 현지 리테일 유통 채널과의 접점을 기대할 수 있는 경험을 의미합니다."
360,2025-07-25 11:07:01.731 +0900,2025-07-25 14:37:19.715 +0900,유럽Sales,"뷰티 브랜드와 관련하여 유럽(EU, 혹은 속한 개별 국가)시장에 대한 글로벌 세일즈 경험을 의미합니다."
362,2025-07-25 11:08:26.139 +0900,2025-07-25 14:37:39.295 +0900,뷰티박람회,유럽 시장에서의 뷰티 박람회(cosmoprof 등) 참여 경험이 있는 프로필을 의미합니다.
365,2025-07-29 18:19:20.108 +0900,2025-07-29 18:19:20.108 +0900,DA광고,디스플레이 광고를 위한 콘텐츠를 기획하고 제작해본 경험을 의미합니다.
366,2025-07-29 18:40:51.164 +0900,2025-07-29 18:40:51.164 +0900,상세페이지,"제품의 상세페이지 제작(이미지, 영상 등) 경험을 의미합니다."
343,2025-07-15 18:33:49.250 +0900,2025-09-08 19:58:49.700 +0900,신사업,"신규서비스, 신사업 서비스 론칭 또는 고도화 경험"
367,2025-07-29 18:42:28.735 +0900,2025-07-29 18:42:28.735 +0900,SEO,검색엔진 상위 노출을 위한 검색엔진 최적화를 의미합니다.
368,2025-07-29 18:44:55.267 +0900,2025-07-29 18:44:55.267 +0900,디자인툴,"포토샵, 일러스트 등 이미지 또는 영상을 제작(수정) 할 수 있는 역량을 의미합니다."
370,2025-07-31 22:21:35.603 +0900,2025-07-31 22:21:35.603 +0900,주요타겟기업,(앳홈 파생)고객사에서 직접 타깃해준 기업 백그라운드 경험이 있는 프로필
371,2025-08-04 10:21:48.914 +0900,2025-08-04 10:21:48.914 +0900,SNS,브랜드의 소셜 미디어 채널 콘텐츠를 기획하고 제작해본 경험을 의미합니다.
372,2025-08-04 16:33:26.983 +0900,2025-08-04 16:33:26.983 +0900,IFRS,IFRS 또는 K-IFRS 기준의 업무 경험을 의미합니다.
337,2025-07-14 11:54:49.204 +0900,2025-08-05 15:16:21.761 +0900,해외사업,해외 사업 또는 해외 법인과의 업무 경험
373,2025-08-05 15:18:24.347 +0900,2025-08-05 15:18:24.347 +0900,재무자격 보유,"재경관리사, CPA 등 재무관련 자격 보유"
374,2025-08-05 17:07:31.832 +0900,2025-08-05 17:07:31.832 +0900,MSA,소프트웨어 시스템을 작고 독립적인 서비스들의 집합으로 구성하는 아키텍처 스타일을 의미합니다.
378,2025-08-20 19:53:38.231 +0900,2025-08-20 19:53:38.231 +0900,브랜딩,브랜드 마케팅 경험이 있는 것을 의미합니다.
379,2025-08-20 19:55:34.923 +0900,2025-08-20 19:55:34.923 +0900,국내,한국 시장을 타겟으로 한 업무 활동 경험이 있는 것을 의미합니다.
380,2025-08-20 19:58:28.936 +0900,2025-08-20 19:58:28.936 +0900,패션,패션 업종 및 관련된 업무를 의미합니다.
381,2025-08-27 15:54:07.375 +0900,2025-08-27 15:54:07.375 +0900,US,US(미국) 시장을 타깃으로 업무를 운영해본 경험을 의미합니다.
382,2025-08-27 15:54:41.529 +0900,2025-08-27 15:54:41.529 +0900,CN/HK/TW,"중국, 홍콩, 대만과 같이 중화권 국가를 타깃으로 업무를 운영해본 경험을 의미합니다."
383,2025-08-27 15:54:56.912 +0900,2025-08-27 15:54:56.912 +0900,JP,일본 시장을 타깃으로 업무를 운영해본 경험을 의미합니다.
384,2025-08-27 15:55:11.551 +0900,2025-08-27 15:55:11.551 +0900,TH,태국 시장을 타깃으로 업무를 운영해본 경험을 의미합니다.
386,2025-08-29 16:34:59.721 +0900,2025-08-29 16:35:03.306 +0900,OMS,"상품이 실제 배송되기까지의 과정을 전산으로 관리하는 소프트웨어 시스템(주문 관리 시스템, Order Management System)"
387,2025-08-29 16:35:30.813 +0900,2025-08-29 16:35:30.813 +0900,TMS,"다양한 운송 방식의 조합을 통해 상품의 물리적 이동을 추적 관리할 수 있는 소프트웨어 시스템(배송 관리 시스템, Transportation Management System)"
388,2025-08-29 16:35:43.044 +0900,2025-08-29 16:35:43.044 +0900,PIM,상품 정보를 한 곳에서 표준화 및 관리하고 여러 채널에 일관되게 배포하는 시스템(Product Information Management)
389,2025-08-29 16:36:06.707 +0900,2025-08-29 16:36:06.707 +0900,상품관리,"재고관리, SKU 관리, 주문관리, 배송관리, 출고관리, 반품관리, 수요예측, 발주관리 등의 관련 경험"
391,2025-08-29 16:36:36.804 +0900,2025-08-29 16:36:36.804 +0900,라스트마일,라스트마일 : 상품이 최종 소비자에게 전달되는 물류 과정의 마지막 구간에 관련된 경험(Last Mile)
392,2025-08-29 16:37:37.838 +0900,2025-08-29 16:37:37.838 +0900,희망기업,"무신사, 쿠팡, 다이소, 롯데마트, 이마트에서 재직 경험"
393,2025-09-01 16:33:07.966 +0900,2025-09-01 16:33:07.966 +0900,스쿼드 조직,"제품/기능 단위의 자율적·크로스펑셔널(PO/PD/FE/BE/QA/Data 등) 스쿼드에서, 분기 단위 이상 상주하며 백로그→개발→배포→운영까지 엔드투엔드로 책임지고 성과를 낸 실무 경험을 의미합니다."
394,2025-09-05 17:51:36.151 +0900,2025-09-05 17:51:36.151 +0900,백오피스,"내부 운영자(관리자, 재무/운영 담당자 등)를 위한 관리도구(운영툴, Admin Console)의 설계·개발·운영 경험을 의미합니다. 단순 CRUD를 넘어 회원, 거래, 정산, 환불, 정책 관리 등 다양한 기능과 권한 관리, 업무 효율화를 위한 백오피스 시스템 구축 경험을 포함합니다."
395,2025-09-12 15:43:19.587 +0900,2025-09-12 15:43:19.587 +0900,Airflow,"데이터 엔지니어링에서 데이터 수집, 전처리, 적재 등을 위한 배치 및 task 관리 목적으로 Airflow를 실무에서 사용한 경험을 의미합니다. DAG 설계, 스케줄링, 운영 환경 최적화 등 실무 수준에서의 활용을 포함합니다."
396,2025-09-12 15:43:29.013 +0900,2025-09-12 15:43:29.013 +0900,GCC,"Google Cloud Composer(GCP의 Airflow 매니지드 서비스)를 실무에서 사용한 경험을 의미합니다. Airflow 환경 구성 및 운영을 GCP 상에서 관리하며, GCP의 BigQuery, GCS 등과 연동해 데이터 파이프라인을 구축·운영한 경험을 포함합니다."
397,2025-09-12 15:43:38.861 +0900,2025-09-12 15:43:38.861 +0900,ETL/ELT,"데이터 파이프라인에서 ETL(Extract, Transform, Load) 또는 ELT(Extract, Load, Transform) 과정을 설계·구현·운영한 실무 경험을 의미합니다. 다양한 데이터 소스로부터 수집, 변환, 적재까지의 전체 프로세스를 직접 구축(A to Z)하거나 운영한 경험을 포함합니다."
398,2025-09-12 15:43:46.298 +0900,2025-09-12 15:43:46.298 +0900,실시간 데이터 처리,"대용량 로그 스트림이나 이벤트 데이터를 실시간으로 수집하고 처리하는 파이프라인을 구축·운영한 경험을 의미합니다. Kafka, Kinesis, Spark Streaming, Flink 등 관련 기술 스택 활용 경험을 포함합니다."
233,2025-03-06 12:04:52.921 +0900,2025-09-17 16:28:35.357 +0900,데이터 시각화,"Superset, Redash, Tableau 등과 같은 대시보드 구축 및 시각화, BI 툴 사용을 통해 데이터를 시각화하여 업무에 활용한 경험을 의미합니다."
399,2025-09-18 17:17:09.832 +0900,2025-09-18 17:17:09.832 +0900,건축 자격,"건설, 토목, 전기 등 건설업계의 전문자격(기능사, 산업기사, 기사) 보유"
400,2025-09-18 17:17:46.559 +0900,2025-09-18 17:17:46.559 +0900,BIM,Building Information Modeling 경험 보유
401,2025-09-18 17:18:49.238 +0900,2025-09-18 17:18:49.238 +0900,개발 및 자동화,"BIM 관련 개발(Python, C# 등) 역량과 자동화 역량 보유"
402,2025-09-18 17:20:10.921 +0900,2025-09-18 17:20:10.921 +0900,대형 건축물 설계,"5층 이상의 건물, 연면적 3,000㎡ 이상의 건물 설계 경험"
403,2025-09-23 15:28:04.414 +0900,2025-09-23 15:28:04.414 +0900,마케팅 성과 분석,"BA/DA - 광고 성과 지표(CTR, CPA, ROAS 등)를 추적 및 최적화하고, 다양한 온라인 채널의 특성을 이해하여 효율화 전략을 제시한 경험을 의미합니다."
406,2025-09-28 00:46:44.265 +0900,2025-09-28 00:46:44.265 +0900,내부 이벤트,"타운홀, 워크숍, 체육대회 등 팀 빌딩 기획 및 운영 경험"
407,2025-09-28 00:47:58.353 +0900,2025-09-28 00:47:58.353 +0900,내부 커뮤니케이션,"사내 소통 채널 기획, 고도화 및 전략 수립"
408,2025-09-29 15:54:51.286 +0900,2025-09-29 15:54:51.286 +0900,의료,"병원, 클리닉과 관련된 경험이나 관련 비즈니스 도메인에서의 근무 경험을 의미합니다."